,face
0,../data/celeba/train/celebA_00/all/000001.jpg.jpg
1,../data/celeba/train/celebA_00/all/000002.jpg.jpg
2,../data/celeba/train/celebA_00/all/000005.jpg.jpg
3,../data/celeba/train/celebA_00/all/000006.jpg.jpg
4,../data/celeba/train/celebA_00/all/000007.jpg.jpg
5,../data/celeba/train/celebA_00/all/000009.jpg.jpg
6,../data/celeba/train/celebA_00/all/000010.jpg.jpg
7,../data/celeba/train/celebA_00/all/000011.jpg.jpg
8,../data/celeba/train/celebA_00/all/000012.jpg.jpg
9,../data/celeba/train/celebA_00/all/000013.jpg.jpg
10,../data/celeba/train/celebA_00/all/000014.jpg.jpg
11,../data/celeba/train/celebA_00/all/000015.jpg.jpg
12,../data/celeba/train/celebA_00/all/000016.jpg.jpg
13,../data/celeba/train/celebA_00/all/000017.jpg.jpg
14,../data/celeba/train/celebA_00/all/000018.jpg.jpg
15,../data/celeba/train/celebA_00/all/000020.jpg.jpg
16,../data/celeba/train/celebA_00/all/000021.jpg.jpg
17,../data/celeba/train/celebA_00/all/000022.jpg.jpg
18,../data/celeba/train/celebA_00/all/000023.jpg.jpg
19,../data/celeba/train/celebA_00/all/000024.jpg.jpg
20,../data/celeba/train/celebA_00/all/000025.jpg.jpg
21,../data/celeba/train/celebA_00/all/000027.jpg.jpg
22,../data/celeba/train/celebA_00/all/000028.jpg.jpg
23,../data/celeba/train/celebA_00/all/000029.jpg.jpg
24,../data/celeba/train/celebA_00/all/000030.jpg.jpg
25,../data/celeba/train/celebA_00/all/000031.jpg.jpg
26,../data/celeba/train/celebA_00/all/000033.jpg.jpg
27,../data/celeba/train/celebA_00/all/000037.jpg.jpg
28,../data/celeba/train/celebA_00/all/000038.jpg.jpg
29,../data/celeba/train/celebA_00/all/000039.jpg.jpg
30,../data/celeba/train/celebA_00/all/000040.jpg.jpg
31,../data/celeba/train/celebA_00/all/000042.jpg.jpg
32,../data/celeba/train/celebA_00/all/000043.jpg.jpg
33,../data/celeba/train/celebA_00/all/000045.jpg.jpg
34,../data/celeba/train/celebA_00/all/000046.jpg.jpg
35,../data/celeba/train/celebA_00/all/000047.jpg.jpg
36,../data/celeba/train/celebA_00/all/000048.jpg.jpg
37,../data/celeba/train/celebA_00/all/000049.jpg.jpg
38,../data/celeba/train/celebA_00/all/000050.jpg.jpg
39,../data/celeba/train/celebA_00/all/000051.jpg.jpg
40,../data/celeba/train/celebA_00/all/000052.jpg.jpg
41,../data/celeba/train/celebA_00/all/000053.jpg.jpg
42,../data/celeba/train/celebA_00/all/000054.jpg.jpg
43,../data/celeba/train/celebA_00/all/000057.jpg.jpg
44,../data/celeba/train/celebA_00/all/000058.jpg.jpg
45,../data/celeba/train/celebA_00/all/000062.jpg.jpg
46,../data/celeba/train/celebA_00/all/000063.jpg.jpg
47,../data/celeba/train/celebA_00/all/000064.jpg.jpg
48,../data/celeba/train/celebA_00/all/000065.jpg.jpg
49,../data/celeba/train/celebA_00/all/000066.jpg.jpg
50,../data/celeba/train/celebA_00/all/000069.jpg.jpg
51,../data/celeba/train/celebA_00/all/000071.jpg.jpg
52,../data/celeba/train/celebA_00/all/000072.jpg.jpg
53,../data/celeba/train/celebA_00/all/000073.jpg.jpg
54,../data/celeba/train/celebA_00/all/000075.jpg.jpg
55,../data/celeba/train/celebA_00/all/000076.jpg.jpg
56,../data/celeba/train/celebA_00/all/000077.jpg.jpg
57,../data/celeba/train/celebA_00/all/000078.jpg.jpg
58,../data/celeba/train/celebA_00/all/000079.jpg.jpg
59,../data/celeba/train/celebA_00/all/000081.jpg.jpg
60,../data/celeba/train/celebA_00/all/000082.jpg.jpg
61,../data/celeba/train/celebA_00/all/000083.jpg.jpg
62,../data/celeba/train/celebA_00/all/000084.jpg.jpg
63,../data/celeba/train/celebA_00/all/000085.jpg.jpg
64,../data/celeba/train/celebA_00/all/000086.jpg.jpg
65,../data/celeba/train/celebA_00/all/000087.jpg.jpg
66,../data/celeba/train/celebA_00/all/000089.jpg.jpg
67,../data/celeba/train/celebA_00/all/000091.jpg.jpg
68,../data/celeba/train/celebA_00/all/000092.jpg.jpg
69,../data/celeba/train/celebA_00/all/000094.jpg.jpg
70,../data/celeba/train/celebA_00/all/000095.jpg.jpg
71,../data/celeba/train/celebA_00/all/000096.jpg.jpg
72,../data/celeba/train/celebA_00/all/000098.jpg.jpg
73,../data/celeba/train/celebA_00/all/000099.jpg.jpg
74,../data/celeba/train/celebA_00/all/000100.jpg.jpg
75,../data/celeba/train/celebA_00/all/000101.jpg.jpg
76,../data/celeba/train/celebA_00/all/000102.jpg.jpg
77,../data/celeba/train/celebA_00/all/000104.jpg.jpg
78,../data/celeba/train/celebA_00/all/000106.jpg.jpg
79,../data/celeba/train/celebA_00/all/000107.jpg.jpg
80,../data/celeba/train/celebA_00/all/000108.jpg.jpg
81,../data/celeba/train/celebA_00/all/000109.jpg.jpg
82,../data/celeba/train/celebA_00/all/000110.jpg.jpg
83,../data/celeba/train/celebA_00/all/000111.jpg.jpg
84,../data/celeba/train/celebA_00/all/000112.jpg.jpg
85,../data/celeba/train/celebA_00/all/000113.jpg.jpg
86,../data/celeba/train/celebA_00/all/000114.jpg.jpg
87,../data/celeba/train/celebA_00/all/000116.jpg.jpg
88,../data/celeba/train/celebA_00/all/000117.jpg.jpg
89,../data/celeba/train/celebA_00/all/000118.jpg.jpg
90,../data/celeba/train/celebA_00/all/000119.jpg.jpg
91,../data/celeba/train/celebA_00/all/000121.jpg.jpg
92,../data/celeba/train/celebA_00/all/000122.jpg.jpg
93,../data/celeba/train/celebA_00/all/000125.jpg.jpg
94,../data/celeba/train/celebA_00/all/000126.jpg.jpg
95,../data/celeba/train/celebA_00/all/000127.jpg.jpg
96,../data/celeba/train/celebA_00/all/000128.jpg.jpg
97,../data/celeba/train/celebA_00/all/000129.jpg.jpg
98,../data/celeba/train/celebA_00/all/000130.jpg.jpg
99,../data/celeba/train/celebA_00/all/000131.jpg.jpg
100,../data/celeba/train/celebA_00/all/000132.jpg.jpg
101,../data/celeba/train/celebA_00/all/000133.jpg.jpg
102,../data/celeba/train/celebA_00/all/000135.jpg.jpg
103,../data/celeba/train/celebA_00/all/000136.jpg.jpg
104,../data/celeba/train/celebA_00/all/000138.jpg.jpg
105,../data/celeba/train/celebA_00/all/000139.jpg.jpg
106,../data/celeba/train/celebA_00/all/000140.jpg.jpg
107,../data/celeba/train/celebA_00/all/000141.jpg.jpg
108,../data/celeba/train/celebA_00/all/000143.jpg.jpg
109,../data/celeba/train/celebA_00/all/000145.jpg.jpg
110,../data/celeba/train/celebA_00/all/000148.jpg.jpg
111,../data/celeba/train/celebA_00/all/000151.jpg.jpg
112,../data/celeba/train/celebA_00/all/000152.jpg.jpg
113,../data/celeba/train/celebA_00/all/000153.jpg.jpg
114,../data/celeba/train/celebA_00/all/000154.jpg.jpg
115,../data/celeba/train/celebA_00/all/000155.jpg.jpg
116,../data/celeba/train/celebA_00/all/000156.jpg.jpg
117,../data/celeba/train/celebA_00/all/000158.jpg.jpg
118,../data/celeba/train/celebA_00/all/000161.jpg.jpg
119,../data/celeba/train/celebA_00/all/000162.jpg.jpg
120,../data/celeba/train/celebA_00/all/000164.jpg.jpg
121,../data/celeba/train/celebA_00/all/000169.jpg.jpg
122,../data/celeba/train/celebA_00/all/000170.jpg.jpg
123,../data/celeba/train/celebA_00/all/000171.jpg.jpg
124,../data/celeba/train/celebA_00/all/000172.jpg.jpg
125,../data/celeba/train/celebA_00/all/000173.jpg.jpg
126,../data/celeba/train/celebA_00/all/000174.jpg.jpg
127,../data/celeba/train/celebA_00/all/000175.jpg.jpg
128,../data/celeba/train/celebA_00/all/000176.jpg.jpg
129,../data/celeba/train/celebA_00/all/000178.jpg.jpg
130,../data/celeba/train/celebA_00/all/000179.jpg.jpg
131,../data/celeba/train/celebA_00/all/000180.jpg.jpg
132,../data/celeba/train/celebA_00/all/000181.jpg.jpg
133,../data/celeba/train/celebA_00/all/000182.jpg.jpg
134,../data/celeba/train/celebA_00/all/000183.jpg.jpg
135,../data/celeba/train/celebA_00/all/000184.jpg.jpg
136,../data/celeba/train/celebA_00/all/000185.jpg.jpg
137,../data/celeba/train/celebA_00/all/000186.jpg.jpg
138,../data/celeba/train/celebA_00/all/000187.jpg.jpg
139,../data/celeba/train/celebA_00/all/000188.jpg.jpg
140,../data/celeba/train/celebA_00/all/000189.jpg.jpg
141,../data/celeba/train/celebA_00/all/000191.jpg.jpg
142,../data/celeba/train/celebA_00/all/000192.jpg.jpg
143,../data/celeba/train/celebA_00/all/000193.jpg.jpg
144,../data/celeba/train/celebA_00/all/000194.jpg.jpg
145,../data/celeba/train/celebA_00/all/000195.jpg.jpg
146,../data/celeba/train/celebA_00/all/000196.jpg.jpg
147,../data/celeba/train/celebA_00/all/000197.jpg.jpg
148,../data/celeba/train/celebA_00/all/000198.jpg.jpg
149,../data/celeba/train/celebA_00/all/000201.jpg.jpg
150,../data/celeba/train/celebA_00/all/000202.jpg.jpg
151,../data/celeba/train/celebA_00/all/000203.jpg.jpg
152,../data/celeba/train/celebA_00/all/000204.jpg.jpg
153,../data/celeba/train/celebA_00/all/000205.jpg.jpg
154,../data/celeba/train/celebA_00/all/000206.jpg.jpg
155,../data/celeba/train/celebA_00/all/000207.jpg.jpg
156,../data/celeba/train/celebA_00/all/000209.jpg.jpg
157,../data/celeba/train/celebA_00/all/000210.jpg.jpg
158,../data/celeba/train/celebA_00/all/000214.jpg.jpg
159,../data/celeba/train/celebA_00/all/000215.jpg.jpg
160,../data/celeba/train/celebA_00/all/000217.jpg.jpg
161,../data/celeba/train/celebA_00/all/000218.jpg.jpg
162,../data/celeba/train/celebA_00/all/000219.jpg.jpg
163,../data/celeba/train/celebA_00/all/000220.jpg.jpg
164,../data/celeba/train/celebA_00/all/000222.jpg.jpg
165,../data/celeba/train/celebA_00/all/000223.jpg.jpg
166,../data/celeba/train/celebA_00/all/000225.jpg.jpg
167,../data/celeba/train/celebA_00/all/000226.jpg.jpg
168,../data/celeba/train/celebA_00/all/000228.jpg.jpg
169,../data/celeba/train/celebA_00/all/000229.jpg.jpg
170,../data/celeba/train/celebA_00/all/000230.jpg.jpg
171,../data/celeba/train/celebA_00/all/000231.jpg.jpg
172,../data/celeba/train/celebA_00/all/000232.jpg.jpg
173,../data/celeba/train/celebA_00/all/000233.jpg.jpg
174,../data/celeba/train/celebA_00/all/000234.jpg.jpg
175,../data/celeba/train/celebA_00/all/000236.jpg.jpg
176,../data/celeba/train/celebA_00/all/000237.jpg.jpg
177,../data/celeba/train/celebA_00/all/000239.jpg.jpg
178,../data/celeba/train/celebA_00/all/000241.jpg.jpg
179,../data/celeba/train/celebA_00/all/000242.jpg.jpg
180,../data/celeba/train/celebA_00/all/000246.jpg.jpg
181,../data/celeba/train/celebA_00/all/000247.jpg.jpg
182,../data/celeba/train/celebA_00/all/000248.jpg.jpg
183,../data/celeba/train/celebA_00/all/000249.jpg.jpg
184,../data/celeba/train/celebA_00/all/000250.jpg.jpg
185,../data/celeba/train/celebA_00/all/000252.jpg.jpg
186,../data/celeba/train/celebA_00/all/000253.jpg.jpg
187,../data/celeba/train/celebA_00/all/000254.jpg.jpg
188,../data/celeba/train/celebA_00/all/000256.jpg.jpg
189,../data/celeba/train/celebA_00/all/000257.jpg.jpg
190,../data/celeba/train/celebA_00/all/000258.jpg.jpg
191,../data/celeba/train/celebA_00/all/000259.jpg.jpg
192,../data/celeba/train/celebA_00/all/000261.jpg.jpg
193,../data/celeba/train/celebA_00/all/000262.jpg.jpg
194,../data/celeba/train/celebA_00/all/000264.jpg.jpg
195,../data/celeba/train/celebA_00/all/000265.jpg.jpg
196,../data/celeba/train/celebA_00/all/000266.jpg.jpg
197,../data/celeba/train/celebA_00/all/000267.jpg.jpg
198,../data/celeba/train/celebA_00/all/000269.jpg.jpg
199,../data/celeba/train/celebA_00/all/000270.jpg.jpg
200,../data/celeba/train/celebA_00/all/000271.jpg.jpg
201,../data/celeba/train/celebA_00/all/000272.jpg.jpg
202,../data/celeba/train/celebA_00/all/000273.jpg.jpg
203,../data/celeba/train/celebA_00/all/000274.jpg.jpg
204,../data/celeba/train/celebA_00/all/000276.jpg.jpg
205,../data/celeba/train/celebA_00/all/000277.jpg.jpg
206,../data/celeba/train/celebA_00/all/000278.jpg.jpg
207,../data/celeba/train/celebA_00/all/000279.jpg.jpg
208,../data/celeba/train/celebA_00/all/000280.jpg.jpg
209,../data/celeba/train/celebA_00/all/000281.jpg.jpg
210,../data/celeba/train/celebA_00/all/000282.jpg.jpg
211,../data/celeba/train/celebA_00/all/000286.jpg.jpg
212,../data/celeba/train/celebA_00/all/000289.jpg.jpg
213,../data/celeba/train/celebA_00/all/000290.jpg.jpg
214,../data/celeba/train/celebA_00/all/000291.jpg.jpg
215,../data/celeba/train/celebA_00/all/000295.jpg.jpg
216,../data/celeba/train/celebA_00/all/000296.jpg.jpg
217,../data/celeba/train/celebA_00/all/000297.jpg.jpg
218,../data/celeba/train/celebA_00/all/000298.jpg.jpg
219,../data/celeba/train/celebA_00/all/000299.jpg.jpg
220,../data/celeba/train/celebA_00/all/000300.jpg.jpg
221,../data/celeba/train/celebA_00/all/000301.jpg.jpg
222,../data/celeba/train/celebA_00/all/000302.jpg.jpg
223,../data/celeba/train/celebA_00/all/000303.jpg.jpg
224,../data/celeba/train/celebA_00/all/000305.jpg.jpg
225,../data/celeba/train/celebA_00/all/000307.jpg.jpg
226,../data/celeba/train/celebA_00/all/000309.jpg.jpg
227,../data/celeba/train/celebA_00/all/000310.jpg.jpg
228,../data/celeba/train/celebA_00/all/000311.jpg.jpg
229,../data/celeba/train/celebA_00/all/000313.jpg.jpg
230,../data/celeba/train/celebA_00/all/000318.jpg.jpg
231,../data/celeba/train/celebA_00/all/000319.jpg.jpg
232,../data/celeba/train/celebA_00/all/000321.jpg.jpg
233,../data/celeba/train/celebA_00/all/000322.jpg.jpg
234,../data/celeba/train/celebA_00/all/000323.jpg.jpg
235,../data/celeba/train/celebA_00/all/000324.jpg.jpg
236,../data/celeba/train/celebA_00/all/000325.jpg.jpg
237,../data/celeba/train/celebA_00/all/000327.jpg.jpg
238,../data/celeba/train/celebA_00/all/000328.jpg.jpg
239,../data/celeba/train/celebA_00/all/000329.jpg.jpg
240,../data/celeba/train/celebA_00/all/000330.jpg.jpg
241,../data/celeba/train/celebA_00/all/000332.jpg.jpg
242,../data/celeba/train/celebA_00/all/000333.jpg.jpg
243,../data/celeba/train/celebA_00/all/000334.jpg.jpg
244,../data/celeba/train/celebA_00/all/000336.jpg.jpg
245,../data/celeba/train/celebA_00/all/000338.jpg.jpg
246,../data/celeba/train/celebA_00/all/000339.jpg.jpg
247,../data/celeba/train/celebA_00/all/000340.jpg.jpg
248,../data/celeba/train/celebA_00/all/000342.jpg.jpg
249,../data/celeba/train/celebA_00/all/000343.jpg.jpg
250,../data/celeba/train/celebA_00/all/000344.jpg.jpg
251,../data/celeba/train/celebA_00/all/000348.jpg.jpg
252,../data/celeba/train/celebA_00/all/000349.jpg.jpg
253,../data/celeba/train/celebA_00/all/000351.jpg.jpg
254,../data/celeba/train/celebA_00/all/000352.jpg.jpg
255,../data/celeba/train/celebA_00/all/000353.jpg.jpg
256,../data/celeba/train/celebA_00/all/000354.jpg.jpg
257,../data/celeba/train/celebA_00/all/000357.jpg.jpg
258,../data/celeba/train/celebA_00/all/000358.jpg.jpg
259,../data/celeba/train/celebA_00/all/000359.jpg.jpg
260,../data/celeba/train/celebA_00/all/000361.jpg.jpg
261,../data/celeba/train/celebA_00/all/000363.jpg.jpg
262,../data/celeba/train/celebA_00/all/000364.jpg.jpg
263,../data/celeba/train/celebA_00/all/000365.jpg.jpg
264,../data/celeba/train/celebA_00/all/000367.jpg.jpg
265,../data/celeba/train/celebA_00/all/000368.jpg.jpg
266,../data/celeba/train/celebA_00/all/000369.jpg.jpg
267,../data/celeba/train/celebA_00/all/000370.jpg.jpg
268,../data/celeba/train/celebA_00/all/000371.jpg.jpg
269,../data/celeba/train/celebA_00/all/000373.jpg.jpg
270,../data/celeba/train/celebA_00/all/000374.jpg.jpg
271,../data/celeba/train/celebA_00/all/000376.jpg.jpg
272,../data/celeba/train/celebA_00/all/000377.jpg.jpg
273,../data/celeba/train/celebA_00/all/000379.jpg.jpg
274,../data/celeba/train/celebA_00/all/000380.jpg.jpg
275,../data/celeba/train/celebA_00/all/000381.jpg.jpg
276,../data/celeba/train/celebA_00/all/000382.jpg.jpg
277,../data/celeba/train/celebA_00/all/000384.jpg.jpg
278,../data/celeba/train/celebA_00/all/000387.jpg.jpg
279,../data/celeba/train/celebA_00/all/000388.jpg.jpg
280,../data/celeba/train/celebA_00/all/000389.jpg.jpg
281,../data/celeba/train/celebA_00/all/000390.jpg.jpg
282,../data/celeba/train/celebA_00/all/000391.jpg.jpg
283,../data/celeba/train/celebA_00/all/000392.jpg.jpg
284,../data/celeba/train/celebA_00/all/000393.jpg.jpg
285,../data/celeba/train/celebA_00/all/000394.jpg.jpg
286,../data/celeba/train/celebA_00/all/000396.jpg.jpg
287,../data/celeba/train/celebA_00/all/000397.jpg.jpg
288,../data/celeba/train/celebA_00/all/000399.jpg.jpg
289,../data/celeba/train/celebA_00/all/000403.jpg.jpg
290,../data/celeba/train/celebA_00/all/000404.jpg.jpg
291,../data/celeba/train/celebA_00/all/000405.jpg.jpg
292,../data/celeba/train/celebA_00/all/000406.jpg.jpg
293,../data/celeba/train/celebA_00/all/000408.jpg.jpg
294,../data/celeba/train/celebA_00/all/000409.jpg.jpg
295,../data/celeba/train/celebA_00/all/000411.jpg.jpg
296,../data/celeba/train/celebA_00/all/000412.jpg.jpg
297,../data/celeba/train/celebA_00/all/000414.jpg.jpg
298,../data/celeba/train/celebA_00/all/000415.jpg.jpg
299,../data/celeba/train/celebA_00/all/000416.jpg.jpg
300,../data/celeba/train/celebA_00/all/000418.jpg.jpg
301,../data/celeba/train/celebA_00/all/000419.jpg.jpg
302,../data/celeba/train/celebA_00/all/000420.jpg.jpg
303,../data/celeba/train/celebA_00/all/000421.jpg.jpg
304,../data/celeba/train/celebA_00/all/000422.jpg.jpg
305,../data/celeba/train/celebA_00/all/000424.jpg.jpg
306,../data/celeba/train/celebA_00/all/000425.jpg.jpg
307,../data/celeba/train/celebA_00/all/000427.jpg.jpg
308,../data/celeba/train/celebA_00/all/000428.jpg.jpg
309,../data/celeba/train/celebA_00/all/000429.jpg.jpg
310,../data/celeba/train/celebA_00/all/000430.jpg.jpg
311,../data/celeba/train/celebA_00/all/000431.jpg.jpg
312,../data/celeba/train/celebA_00/all/000432.jpg.jpg
313,../data/celeba/train/celebA_00/all/000433.jpg.jpg
314,../data/celeba/train/celebA_00/all/000435.jpg.jpg
315,../data/celeba/train/celebA_00/all/000436.jpg.jpg
316,../data/celeba/train/celebA_00/all/000437.jpg.jpg
317,../data/celeba/train/celebA_00/all/000438.jpg.jpg
318,../data/celeba/train/celebA_00/all/000439.jpg.jpg
319,../data/celeba/train/celebA_00/all/000440.jpg.jpg
320,../data/celeba/train/celebA_00/all/000441.jpg.jpg
321,../data/celeba/train/celebA_00/all/000443.jpg.jpg
322,../data/celeba/train/celebA_00/all/000444.jpg.jpg
323,../data/celeba/train/celebA_00/all/000445.jpg.jpg
324,../data/celeba/train/celebA_00/all/000446.jpg.jpg
325,../data/celeba/train/celebA_00/all/000447.jpg.jpg
326,../data/celeba/train/celebA_00/all/000448.jpg.jpg
327,../data/celeba/train/celebA_00/all/000449.jpg.jpg
328,../data/celeba/train/celebA_00/all/000450.jpg.jpg
329,../data/celeba/train/celebA_00/all/000451.jpg.jpg
330,../data/celeba/train/celebA_00/all/000452.jpg.jpg
331,../data/celeba/train/celebA_00/all/000455.jpg.jpg
332,../data/celeba/train/celebA_00/all/000456.jpg.jpg
333,../data/celeba/train/celebA_00/all/000457.jpg.jpg
334,../data/celeba/train/celebA_00/all/000458.jpg.jpg
335,../data/celeba/train/celebA_00/all/000459.jpg.jpg
336,../data/celeba/train/celebA_00/all/000460.jpg.jpg
337,../data/celeba/train/celebA_00/all/000461.jpg.jpg
338,../data/celeba/train/celebA_00/all/000462.jpg.jpg
339,../data/celeba/train/celebA_00/all/000463.jpg.jpg
340,../data/celeba/train/celebA_00/all/000464.jpg.jpg
341,../data/celeba/train/celebA_00/all/000465.jpg.jpg
342,../data/celeba/train/celebA_00/all/000467.jpg.jpg
343,../data/celeba/train/celebA_00/all/000468.jpg.jpg
344,../data/celeba/train/celebA_00/all/000471.jpg.jpg
345,../data/celeba/train/celebA_00/all/000472.jpg.jpg
346,../data/celeba/train/celebA_00/all/000474.jpg.jpg
347,../data/celeba/train/celebA_00/all/000475.jpg.jpg
348,../data/celeba/train/celebA_00/all/000476.jpg.jpg
349,../data/celeba/train/celebA_00/all/000477.jpg.jpg
350,../data/celeba/train/celebA_00/all/000479.jpg.jpg
351,../data/celeba/train/celebA_00/all/000481.jpg.jpg
352,../data/celeba/train/celebA_00/all/000484.jpg.jpg
353,../data/celeba/train/celebA_00/all/000485.jpg.jpg
354,../data/celeba/train/celebA_00/all/000486.jpg.jpg
355,../data/celeba/train/celebA_00/all/000487.jpg.jpg
356,../data/celeba/train/celebA_00/all/000489.jpg.jpg
357,../data/celeba/train/celebA_00/all/000490.jpg.jpg
358,../data/celeba/train/celebA_00/all/000491.jpg.jpg
359,../data/celeba/train/celebA_00/all/000492.jpg.jpg
360,../data/celeba/train/celebA_00/all/000493.jpg.jpg
361,../data/celeba/train/celebA_00/all/000494.jpg.jpg
362,../data/celeba/train/celebA_00/all/000495.jpg.jpg
363,../data/celeba/train/celebA_00/all/000496.jpg.jpg
364,../data/celeba/train/celebA_00/all/000497.jpg.jpg
365,../data/celeba/train/celebA_00/all/000498.jpg.jpg
366,../data/celeba/train/celebA_00/all/000499.jpg.jpg
367,../data/celeba/train/celebA_00/all/000500.jpg.jpg
368,../data/celeba/train/celebA_00/all/000501.jpg.jpg
369,../data/celeba/train/celebA_00/all/000504.jpg.jpg
370,../data/celeba/train/celebA_00/all/000505.jpg.jpg
371,../data/celeba/train/celebA_00/all/000506.jpg.jpg
372,../data/celeba/train/celebA_00/all/000508.jpg.jpg
373,../data/celeba/train/celebA_00/all/000509.jpg.jpg
374,../data/celeba/train/celebA_00/all/000510.jpg.jpg
375,../data/celeba/train/celebA_00/all/000511.jpg.jpg
376,../data/celeba/train/celebA_00/all/000512.jpg.jpg
377,../data/celeba/train/celebA_00/all/000513.jpg.jpg
378,../data/celeba/train/celebA_00/all/000514.jpg.jpg
379,../data/celeba/train/celebA_00/all/000515.jpg.jpg
380,../data/celeba/train/celebA_00/all/000516.jpg.jpg
381,../data/celeba/train/celebA_00/all/000517.jpg.jpg
382,../data/celeba/train/celebA_00/all/000519.jpg.jpg
383,../data/celeba/train/celebA_00/all/000521.jpg.jpg
384,../data/celeba/train/celebA_00/all/000522.jpg.jpg
385,../data/celeba/train/celebA_00/all/000523.jpg.jpg
386,../data/celeba/train/celebA_00/all/000524.jpg.jpg
387,../data/celeba/train/celebA_00/all/000526.jpg.jpg
388,../data/celeba/train/celebA_00/all/000527.jpg.jpg
389,../data/celeba/train/celebA_00/all/000528.jpg.jpg
390,../data/celeba/train/celebA_00/all/000530.jpg.jpg
391,../data/celeba/train/celebA_00/all/000531.jpg.jpg
392,../data/celeba/train/celebA_00/all/000532.jpg.jpg
393,../data/celeba/train/celebA_00/all/000533.jpg.jpg
394,../data/celeba/train/celebA_00/all/000534.jpg.jpg
395,../data/celeba/train/celebA_00/all/000539.jpg.jpg
396,../data/celeba/train/celebA_00/all/000540.jpg.jpg
397,../data/celeba/train/celebA_00/all/000542.jpg.jpg
398,../data/celeba/train/celebA_00/all/000543.jpg.jpg
399,../data/celeba/train/celebA_00/all/000544.jpg.jpg
400,../data/celeba/train/celebA_00/all/000545.jpg.jpg
401,../data/celeba/train/celebA_00/all/000546.jpg.jpg
402,../data/celeba/train/celebA_00/all/000551.jpg.jpg
403,../data/celeba/train/celebA_00/all/000552.jpg.jpg
404,../data/celeba/train/celebA_00/all/000553.jpg.jpg
405,../data/celeba/train/celebA_00/all/000555.jpg.jpg
406,../data/celeba/train/celebA_00/all/000556.jpg.jpg
407,../data/celeba/train/celebA_00/all/000558.jpg.jpg
408,../data/celeba/train/celebA_00/all/000559.jpg.jpg
409,../data/celeba/train/celebA_00/all/000560.jpg.jpg
410,../data/celeba/train/celebA_00/all/000561.jpg.jpg
411,../data/celeba/train/celebA_00/all/000562.jpg.jpg
412,../data/celeba/train/celebA_00/all/000563.jpg.jpg
413,../data/celeba/train/celebA_00/all/000565.jpg.jpg
414,../data/celeba/train/celebA_00/all/000566.jpg.jpg
415,../data/celeba/train/celebA_00/all/000567.jpg.jpg
416,../data/celeba/train/celebA_00/all/000568.jpg.jpg
417,../data/celeba/train/celebA_00/all/000569.jpg.jpg
418,../data/celeba/train/celebA_00/all/000571.jpg.jpg
419,../data/celeba/train/celebA_00/all/000572.jpg.jpg
420,../data/celeba/train/celebA_00/all/000574.jpg.jpg
421,../data/celeba/train/celebA_00/all/000575.jpg.jpg
422,../data/celeba/train/celebA_00/all/000576.jpg.jpg
423,../data/celeba/train/celebA_00/all/000577.jpg.jpg
424,../data/celeba/train/celebA_00/all/000578.jpg.jpg
425,../data/celeba/train/celebA_00/all/000579.jpg.jpg
426,../data/celeba/train/celebA_00/all/000583.jpg.jpg
427,../data/celeba/train/celebA_00/all/000584.jpg.jpg
428,../data/celeba/train/celebA_00/all/000585.jpg.jpg
429,../data/celeba/train/celebA_00/all/000586.jpg.jpg
430,../data/celeba/train/celebA_00/all/000587.jpg.jpg
431,../data/celeba/train/celebA_00/all/000588.jpg.jpg
432,../data/celeba/train/celebA_00/all/000589.jpg.jpg
433,../data/celeba/train/celebA_00/all/000590.jpg.jpg
434,../data/celeba/train/celebA_00/all/000591.jpg.jpg
435,../data/celeba/train/celebA_00/all/000592.jpg.jpg
436,../data/celeba/train/celebA_00/all/000593.jpg.jpg
437,../data/celeba/train/celebA_00/all/000594.jpg.jpg
438,../data/celeba/train/celebA_00/all/000595.jpg.jpg
439,../data/celeba/train/celebA_00/all/000596.jpg.jpg
440,../data/celeba/train/celebA_00/all/000597.jpg.jpg
441,../data/celeba/train/celebA_00/all/000598.jpg.jpg
442,../data/celeba/train/celebA_00/all/000599.jpg.jpg
443,../data/celeba/train/celebA_00/all/000601.jpg.jpg
444,../data/celeba/train/celebA_00/all/000602.jpg.jpg
445,../data/celeba/train/celebA_00/all/000604.jpg.jpg
446,../data/celeba/train/celebA_00/all/000605.jpg.jpg
447,../data/celeba/train/celebA_00/all/000606.jpg.jpg
448,../data/celeba/train/celebA_00/all/000608.jpg.jpg
449,../data/celeba/train/celebA_00/all/000609.jpg.jpg
450,../data/celeba/train/celebA_00/all/000610.jpg.jpg
451,../data/celeba/train/celebA_00/all/000612.jpg.jpg
452,../data/celeba/train/celebA_00/all/000614.jpg.jpg
453,../data/celeba/train/celebA_00/all/000616.jpg.jpg
454,../data/celeba/train/celebA_00/all/000617.jpg.jpg
455,../data/celeba/train/celebA_00/all/000618.jpg.jpg
456,../data/celeba/train/celebA_00/all/000620.jpg.jpg
457,../data/celeba/train/celebA_00/all/000621.jpg.jpg
458,../data/celeba/train/celebA_00/all/000622.jpg.jpg
459,../data/celeba/train/celebA_00/all/000624.jpg.jpg
460,../data/celeba/train/celebA_00/all/000625.jpg.jpg
461,../data/celeba/train/celebA_00/all/000628.jpg.jpg
462,../data/celeba/train/celebA_00/all/000629.jpg.jpg
463,../data/celeba/train/celebA_00/all/000630.jpg.jpg
464,../data/celeba/train/celebA_00/all/000631.jpg.jpg
465,../data/celeba/train/celebA_00/all/000632.jpg.jpg
466,../data/celeba/train/celebA_00/all/000633.jpg.jpg
467,../data/celeba/train/celebA_00/all/000634.jpg.jpg
468,../data/celeba/train/celebA_00/all/000636.jpg.jpg
469,../data/celeba/train/celebA_00/all/000637.jpg.jpg
470,../data/celeba/train/celebA_00/all/000638.jpg.jpg
471,../data/celeba/train/celebA_00/all/000639.jpg.jpg
472,../data/celeba/train/celebA_00/all/000641.jpg.jpg
473,../data/celeba/train/celebA_00/all/000642.jpg.jpg
474,../data/celeba/train/celebA_00/all/000643.jpg.jpg
475,../data/celeba/train/celebA_00/all/000644.jpg.jpg
476,../data/celeba/train/celebA_00/all/000645.jpg.jpg
477,../data/celeba/train/celebA_00/all/000647.jpg.jpg
478,../data/celeba/train/celebA_00/all/000648.jpg.jpg
479,../data/celeba/train/celebA_00/all/000649.jpg.jpg
480,../data/celeba/train/celebA_00/all/000650.jpg.jpg
481,../data/celeba/train/celebA_00/all/000654.jpg.jpg
482,../data/celeba/train/celebA_00/all/000655.jpg.jpg
483,../data/celeba/train/celebA_00/all/000656.jpg.jpg
484,../data/celeba/train/celebA_00/all/000657.jpg.jpg
485,../data/celeba/train/celebA_00/all/000658.jpg.jpg
486,../data/celeba/train/celebA_00/all/000659.jpg.jpg
487,../data/celeba/train/celebA_00/all/000660.jpg.jpg
488,../data/celeba/train/celebA_00/all/000661.jpg.jpg
489,../data/celeba/train/celebA_00/all/000663.jpg.jpg
490,../data/celeba/train/celebA_00/all/000665.jpg.jpg
491,../data/celeba/train/celebA_00/all/000666.jpg.jpg
492,../data/celeba/train/celebA_00/all/000667.jpg.jpg
493,../data/celeba/train/celebA_00/all/000668.jpg.jpg
494,../data/celeba/train/celebA_00/all/000669.jpg.jpg
495,../data/celeba/train/celebA_00/all/000670.jpg.jpg
496,../data/celeba/train/celebA_00/all/000671.jpg.jpg
497,../data/celeba/train/celebA_00/all/000672.jpg.jpg
498,../data/celeba/train/celebA_00/all/000673.jpg.jpg
499,../data/celeba/train/celebA_00/all/000675.jpg.jpg
500,../data/celeba/train/celebA_00/all/000676.jpg.jpg
501,../data/celeba/train/celebA_00/all/000677.jpg.jpg
502,../data/celeba/train/celebA_00/all/000678.jpg.jpg
503,../data/celeba/train/celebA_00/all/000679.jpg.jpg
504,../data/celeba/train/celebA_00/all/000681.jpg.jpg
505,../data/celeba/train/celebA_00/all/000682.jpg.jpg
506,../data/celeba/train/celebA_00/all/000684.jpg.jpg
507,../data/celeba/train/celebA_00/all/000686.jpg.jpg
508,../data/celeba/train/celebA_00/all/000687.jpg.jpg
509,../data/celeba/train/celebA_00/all/000688.jpg.jpg
510,../data/celeba/train/celebA_00/all/000689.jpg.jpg
511,../data/celeba/train/celebA_00/all/000690.jpg.jpg
512,../data/celeba/train/celebA_00/all/000691.jpg.jpg
513,../data/celeba/train/celebA_00/all/000693.jpg.jpg
514,../data/celeba/train/celebA_00/all/000694.jpg.jpg
515,../data/celeba/train/celebA_00/all/000695.jpg.jpg
516,../data/celeba/train/celebA_00/all/000696.jpg.jpg
517,../data/celeba/train/celebA_00/all/000697.jpg.jpg
518,../data/celeba/train/celebA_00/all/000698.jpg.jpg
519,../data/celeba/train/celebA_00/all/000699.jpg.jpg
520,../data/celeba/train/celebA_00/all/000701.jpg.jpg
521,../data/celeba/train/celebA_00/all/000702.jpg.jpg
522,../data/celeba/train/celebA_00/all/000703.jpg.jpg
523,../data/celeba/train/celebA_00/all/000704.jpg.jpg
524,../data/celeba/train/celebA_00/all/000706.jpg.jpg
525,../data/celeba/train/celebA_00/all/000707.jpg.jpg
526,../data/celeba/train/celebA_00/all/000709.jpg.jpg
527,../data/celeba/train/celebA_00/all/000710.jpg.jpg
528,../data/celeba/train/celebA_00/all/000711.jpg.jpg
529,../data/celeba/train/celebA_00/all/000712.jpg.jpg
530,../data/celeba/train/celebA_00/all/000713.jpg.jpg
531,../data/celeba/train/celebA_00/all/000714.jpg.jpg
532,../data/celeba/train/celebA_00/all/000716.jpg.jpg
533,../data/celeba/train/celebA_00/all/000718.jpg.jpg
534,../data/celeba/train/celebA_00/all/000719.jpg.jpg
535,../data/celeba/train/celebA_00/all/000720.jpg.jpg
536,../data/celeba/train/celebA_00/all/000721.jpg.jpg
537,../data/celeba/train/celebA_00/all/000722.jpg.jpg
538,../data/celeba/train/celebA_00/all/000723.jpg.jpg
539,../data/celeba/train/celebA_00/all/000725.jpg.jpg
540,../data/celeba/train/celebA_00/all/000726.jpg.jpg
541,../data/celeba/train/celebA_00/all/000727.jpg.jpg
542,../data/celeba/train/celebA_00/all/000728.jpg.jpg
543,../data/celeba/train/celebA_00/all/000729.jpg.jpg
544,../data/celeba/train/celebA_00/all/000730.jpg.jpg
545,../data/celeba/train/celebA_00/all/000734.jpg.jpg
546,../data/celeba/train/celebA_00/all/000735.jpg.jpg
547,../data/celeba/train/celebA_00/all/000736.jpg.jpg
548,../data/celeba/train/celebA_00/all/000737.jpg.jpg
549,../data/celeba/train/celebA_00/all/000738.jpg.jpg
550,../data/celeba/train/celebA_00/all/000739.jpg.jpg
551,../data/celeba/train/celebA_00/all/000740.jpg.jpg
552,../data/celeba/train/celebA_00/all/000742.jpg.jpg
553,../data/celeba/train/celebA_00/all/000743.jpg.jpg
554,../data/celeba/train/celebA_00/all/000744.jpg.jpg
555,../data/celeba/train/celebA_00/all/000745.jpg.jpg
556,../data/celeba/train/celebA_00/all/000746.jpg.jpg
557,../data/celeba/train/celebA_00/all/000748.jpg.jpg
558,../data/celeba/train/celebA_00/all/000749.jpg.jpg
559,../data/celeba/train/celebA_00/all/000750.jpg.jpg
560,../data/celeba/train/celebA_00/all/000751.jpg.jpg
561,../data/celeba/train/celebA_00/all/000753.jpg.jpg
562,../data/celeba/train/celebA_00/all/000754.jpg.jpg
563,../data/celeba/train/celebA_00/all/000756.jpg.jpg
564,../data/celeba/train/celebA_00/all/000757.jpg.jpg
565,../data/celeba/train/celebA_00/all/000759.jpg.jpg
566,../data/celeba/train/celebA_00/all/000760.jpg.jpg
567,../data/celeba/train/celebA_00/all/000761.jpg.jpg
568,../data/celeba/train/celebA_00/all/000762.jpg.jpg
569,../data/celeba/train/celebA_00/all/000763.jpg.jpg
570,../data/celeba/train/celebA_00/all/000764.jpg.jpg
571,../data/celeba/train/celebA_00/all/000765.jpg.jpg
572,../data/celeba/train/celebA_00/all/000766.jpg.jpg
573,../data/celeba/train/celebA_00/all/000767.jpg.jpg
574,../data/celeba/train/celebA_00/all/000768.jpg.jpg
575,../data/celeba/train/celebA_00/all/000769.jpg.jpg
576,../data/celeba/train/celebA_00/all/000771.jpg.jpg
577,../data/celeba/train/celebA_00/all/000772.jpg.jpg
578,../data/celeba/train/celebA_00/all/000773.jpg.jpg
579,../data/celeba/train/celebA_00/all/000774.jpg.jpg
580,../data/celeba/train/celebA_00/all/000775.jpg.jpg
581,../data/celeba/train/celebA_00/all/000776.jpg.jpg
582,../data/celeba/train/celebA_00/all/000777.jpg.jpg
583,../data/celeba/train/celebA_00/all/000778.jpg.jpg
584,../data/celeba/train/celebA_00/all/000779.jpg.jpg
585,../data/celeba/train/celebA_00/all/000780.jpg.jpg
586,../data/celeba/train/celebA_00/all/000781.jpg.jpg
587,../data/celeba/train/celebA_00/all/000782.jpg.jpg
588,../data/celeba/train/celebA_00/all/000784.jpg.jpg
589,../data/celeba/train/celebA_00/all/000786.jpg.jpg
590,../data/celeba/train/celebA_00/all/000787.jpg.jpg
591,../data/celeba/train/celebA_00/all/000788.jpg.jpg
592,../data/celeba/train/celebA_00/all/000789.jpg.jpg
593,../data/celeba/train/celebA_00/all/000790.jpg.jpg
594,../data/celeba/train/celebA_00/all/000791.jpg.jpg
595,../data/celeba/train/celebA_00/all/000792.jpg.jpg
596,../data/celeba/train/celebA_00/all/000793.jpg.jpg
597,../data/celeba/train/celebA_00/all/000794.jpg.jpg
598,../data/celeba/train/celebA_00/all/000795.jpg.jpg
599,../data/celeba/train/celebA_00/all/000796.jpg.jpg
600,../data/celeba/train/celebA_00/all/000797.jpg.jpg
601,../data/celeba/train/celebA_00/all/000798.jpg.jpg
602,../data/celeba/train/celebA_00/all/000800.jpg.jpg
603,../data/celeba/train/celebA_00/all/000801.jpg.jpg
604,../data/celeba/train/celebA_00/all/000803.jpg.jpg
605,../data/celeba/train/celebA_00/all/000804.jpg.jpg
606,../data/celeba/train/celebA_00/all/000805.jpg.jpg
607,../data/celeba/train/celebA_00/all/000808.jpg.jpg
608,../data/celeba/train/celebA_00/all/000809.jpg.jpg
609,../data/celeba/train/celebA_00/all/000811.jpg.jpg
610,../data/celeba/train/celebA_00/all/000813.jpg.jpg
611,../data/celeba/train/celebA_00/all/000814.jpg.jpg
612,../data/celeba/train/celebA_00/all/000816.jpg.jpg
613,../data/celeba/train/celebA_00/all/000819.jpg.jpg
614,../data/celeba/train/celebA_00/all/000821.jpg.jpg
615,../data/celeba/train/celebA_00/all/000822.jpg.jpg
616,../data/celeba/train/celebA_00/all/000823.jpg.jpg
617,../data/celeba/train/celebA_00/all/000824.jpg.jpg
618,../data/celeba/train/celebA_00/all/000825.jpg.jpg
619,../data/celeba/train/celebA_00/all/000826.jpg.jpg
620,../data/celeba/train/celebA_00/all/000827.jpg.jpg
621,../data/celeba/train/celebA_00/all/000828.jpg.jpg
622,../data/celeba/train/celebA_00/all/000829.jpg.jpg
623,../data/celeba/train/celebA_00/all/000831.jpg.jpg
624,../data/celeba/train/celebA_00/all/000832.jpg.jpg
625,../data/celeba/train/celebA_00/all/000834.jpg.jpg
626,../data/celeba/train/celebA_00/all/000835.jpg.jpg
627,../data/celeba/train/celebA_00/all/000836.jpg.jpg
628,../data/celeba/train/celebA_00/all/000837.jpg.jpg
629,../data/celeba/train/celebA_00/all/000838.jpg.jpg
630,../data/celeba/train/celebA_00/all/000840.jpg.jpg
631,../data/celeba/train/celebA_00/all/000841.jpg.jpg
632,../data/celeba/train/celebA_00/all/000842.jpg.jpg
633,../data/celeba/train/celebA_00/all/000843.jpg.jpg
634,../data/celeba/train/celebA_00/all/000844.jpg.jpg
635,../data/celeba/train/celebA_00/all/000846.jpg.jpg
636,../data/celeba/train/celebA_00/all/000847.jpg.jpg
637,../data/celeba/train/celebA_00/all/000848.jpg.jpg
638,../data/celeba/train/celebA_00/all/000849.jpg.jpg
639,../data/celeba/train/celebA_00/all/000850.jpg.jpg
640,../data/celeba/train/celebA_00/all/000851.jpg.jpg
641,../data/celeba/train/celebA_00/all/000854.jpg.jpg
642,../data/celeba/train/celebA_00/all/000856.jpg.jpg
643,../data/celeba/train/celebA_00/all/000857.jpg.jpg
644,../data/celeba/train/celebA_00/all/000858.jpg.jpg
645,../data/celeba/train/celebA_00/all/000859.jpg.jpg
646,../data/celeba/train/celebA_00/all/000860.jpg.jpg
647,../data/celeba/train/celebA_00/all/000863.jpg.jpg
648,../data/celeba/train/celebA_00/all/000864.jpg.jpg
649,../data/celeba/train/celebA_00/all/000865.jpg.jpg
650,../data/celeba/train/celebA_00/all/000866.jpg.jpg
651,../data/celeba/train/celebA_00/all/000867.jpg.jpg
652,../data/celeba/train/celebA_00/all/000869.jpg.jpg
653,../data/celeba/train/celebA_00/all/000870.jpg.jpg
654,../data/celeba/train/celebA_00/all/000872.jpg.jpg
655,../data/celeba/train/celebA_00/all/000873.jpg.jpg
656,../data/celeba/train/celebA_00/all/000874.jpg.jpg
657,../data/celeba/train/celebA_00/all/000875.jpg.jpg
658,../data/celeba/train/celebA_00/all/000876.jpg.jpg
659,../data/celeba/train/celebA_00/all/000877.jpg.jpg
660,../data/celeba/train/celebA_00/all/000878.jpg.jpg
661,../data/celeba/train/celebA_00/all/000879.jpg.jpg
662,../data/celeba/train/celebA_00/all/000880.jpg.jpg
663,../data/celeba/train/celebA_00/all/000882.jpg.jpg
664,../data/celeba/train/celebA_00/all/000883.jpg.jpg
665,../data/celeba/train/celebA_00/all/000885.jpg.jpg
666,../data/celeba/train/celebA_00/all/000886.jpg.jpg
667,../data/celeba/train/celebA_00/all/000887.jpg.jpg
668,../data/celeba/train/celebA_00/all/000890.jpg.jpg
669,../data/celeba/train/celebA_00/all/000892.jpg.jpg
670,../data/celeba/train/celebA_00/all/000893.jpg.jpg
671,../data/celeba/train/celebA_00/all/000894.jpg.jpg
672,../data/celeba/train/celebA_00/all/000895.jpg.jpg
673,../data/celeba/train/celebA_00/all/000896.jpg.jpg
674,../data/celeba/train/celebA_00/all/000898.jpg.jpg
675,../data/celeba/train/celebA_00/all/000900.jpg.jpg
676,../data/celeba/train/celebA_00/all/000902.jpg.jpg
677,../data/celeba/train/celebA_00/all/000903.jpg.jpg
678,../data/celeba/train/celebA_00/all/000904.jpg.jpg
679,../data/celeba/train/celebA_00/all/000905.jpg.jpg
680,../data/celeba/train/celebA_00/all/000907.jpg.jpg
681,../data/celeba/train/celebA_00/all/000908.jpg.jpg
682,../data/celeba/train/celebA_00/all/000909.jpg.jpg
683,../data/celeba/train/celebA_00/all/000910.jpg.jpg
684,../data/celeba/train/celebA_00/all/000911.jpg.jpg
685,../data/celeba/train/celebA_00/all/000913.jpg.jpg
686,../data/celeba/train/celebA_00/all/000914.jpg.jpg
687,../data/celeba/train/celebA_00/all/000915.jpg.jpg
688,../data/celeba/train/celebA_00/all/000918.jpg.jpg
689,../data/celeba/train/celebA_00/all/000919.jpg.jpg
690,../data/celeba/train/celebA_00/all/000920.jpg.jpg
691,../data/celeba/train/celebA_00/all/000922.jpg.jpg
692,../data/celeba/train/celebA_00/all/000923.jpg.jpg
693,../data/celeba/train/celebA_00/all/000924.jpg.jpg
694,../data/celeba/train/celebA_00/all/000926.jpg.jpg
695,../data/celeba/train/celebA_00/all/000927.jpg.jpg
696,../data/celeba/train/celebA_00/all/000929.jpg.jpg
697,../data/celeba/train/celebA_00/all/000932.jpg.jpg
698,../data/celeba/train/celebA_00/all/000933.jpg.jpg
699,../data/celeba/train/celebA_00/all/000935.jpg.jpg
700,../data/celeba/train/celebA_00/all/000936.jpg.jpg
701,../data/celeba/train/celebA_00/all/000937.jpg.jpg
702,../data/celeba/train/celebA_00/all/000938.jpg.jpg
703,../data/celeba/train/celebA_00/all/000939.jpg.jpg
704,../data/celeba/train/celebA_00/all/000940.jpg.jpg
705,../data/celeba/train/celebA_00/all/000941.jpg.jpg
706,../data/celeba/train/celebA_00/all/000942.jpg.jpg
707,../data/celeba/train/celebA_00/all/000943.jpg.jpg
708,../data/celeba/train/celebA_00/all/000944.jpg.jpg
709,../data/celeba/train/celebA_00/all/000945.jpg.jpg
710,../data/celeba/train/celebA_00/all/000946.jpg.jpg
711,../data/celeba/train/celebA_00/all/000948.jpg.jpg
712,../data/celeba/train/celebA_00/all/000950.jpg.jpg
713,../data/celeba/train/celebA_00/all/000951.jpg.jpg
714,../data/celeba/train/celebA_00/all/000952.jpg.jpg
715,../data/celeba/train/celebA_00/all/000953.jpg.jpg
716,../data/celeba/train/celebA_00/all/000954.jpg.jpg
717,../data/celeba/train/celebA_00/all/000955.jpg.jpg
718,../data/celeba/train/celebA_00/all/000956.jpg.jpg
719,../data/celeba/train/celebA_00/all/000957.jpg.jpg
720,../data/celeba/train/celebA_00/all/000958.jpg.jpg
721,../data/celeba/train/celebA_00/all/000959.jpg.jpg
722,../data/celeba/train/celebA_00/all/000960.jpg.jpg
723,../data/celeba/train/celebA_00/all/000961.jpg.jpg
724,../data/celeba/train/celebA_00/all/000962.jpg.jpg
725,../data/celeba/train/celebA_00/all/000963.jpg.jpg
726,../data/celeba/train/celebA_00/all/000964.jpg.jpg
727,../data/celeba/train/celebA_00/all/000965.jpg.jpg
728,../data/celeba/train/celebA_00/all/000966.jpg.jpg
729,../data/celeba/train/celebA_00/all/000967.jpg.jpg
730,../data/celeba/train/celebA_00/all/000968.jpg.jpg
731,../data/celeba/train/celebA_00/all/000971.jpg.jpg
732,../data/celeba/train/celebA_00/all/000972.jpg.jpg
733,../data/celeba/train/celebA_00/all/000973.jpg.jpg
734,../data/celeba/train/celebA_00/all/000974.jpg.jpg
735,../data/celeba/train/celebA_00/all/000979.jpg.jpg
736,../data/celeba/train/celebA_00/all/000980.jpg.jpg
737,../data/celeba/train/celebA_00/all/000981.jpg.jpg
738,../data/celeba/train/celebA_00/all/000982.jpg.jpg
739,../data/celeba/train/celebA_00/all/000984.jpg.jpg
740,../data/celeba/train/celebA_00/all/000985.jpg.jpg
741,../data/celeba/train/celebA_00/all/000986.jpg.jpg
742,../data/celeba/train/celebA_00/all/000987.jpg.jpg
743,../data/celeba/train/celebA_00/all/000988.jpg.jpg
744,../data/celeba/train/celebA_00/all/000989.jpg.jpg
745,../data/celeba/train/celebA_00/all/000990.jpg.jpg
746,../data/celeba/train/celebA_00/all/000991.jpg.jpg
747,../data/celeba/train/celebA_00/all/000993.jpg.jpg
748,../data/celeba/train/celebA_00/all/000995.jpg.jpg
749,../data/celeba/train/celebA_00/all/000996.jpg.jpg
750,../data/celeba/train/celebA_00/all/000997.jpg.jpg
751,../data/celeba/train/celebA_00/all/000998.jpg.jpg
752,../data/celeba/train/celebA_00/all/000999.jpg.jpg
753,../data/celeba/train/celebA_00/all/001000.jpg.jpg
754,../data/celeba/train/celebA_00/all/001001.jpg.jpg
755,../data/celeba/train/celebA_00/all/001003.jpg.jpg
756,../data/celeba/train/celebA_00/all/001004.jpg.jpg
757,../data/celeba/train/celebA_00/all/001006.jpg.jpg
758,../data/celeba/train/celebA_00/all/001007.jpg.jpg
759,../data/celeba/train/celebA_00/all/001008.jpg.jpg
760,../data/celeba/train/celebA_00/all/001010.jpg.jpg
761,../data/celeba/train/celebA_00/all/001011.jpg.jpg
762,../data/celeba/train/celebA_00/all/001012.jpg.jpg
763,../data/celeba/train/celebA_00/all/001013.jpg.jpg
764,../data/celeba/train/celebA_00/all/001014.jpg.jpg
765,../data/celeba/train/celebA_00/all/001015.jpg.jpg
766,../data/celeba/train/celebA_00/all/001019.jpg.jpg
767,../data/celeba/train/celebA_00/all/001020.jpg.jpg
768,../data/celeba/train/celebA_00/all/001021.jpg.jpg
769,../data/celeba/train/celebA_00/all/001022.jpg.jpg
770,../data/celeba/train/celebA_00/all/001023.jpg.jpg
771,../data/celeba/train/celebA_00/all/001024.jpg.jpg
772,../data/celeba/train/celebA_00/all/001025.jpg.jpg
773,../data/celeba/train/celebA_00/all/001026.jpg.jpg
774,../data/celeba/train/celebA_00/all/001028.jpg.jpg
775,../data/celeba/train/celebA_00/all/001029.jpg.jpg
776,../data/celeba/train/celebA_00/all/001030.jpg.jpg
777,../data/celeba/train/celebA_00/all/001031.jpg.jpg
778,../data/celeba/train/celebA_00/all/001033.jpg.jpg
779,../data/celeba/train/celebA_00/all/001035.jpg.jpg
780,../data/celeba/train/celebA_00/all/001036.jpg.jpg
781,../data/celeba/train/celebA_00/all/001037.jpg.jpg
782,../data/celeba/train/celebA_00/all/001039.jpg.jpg
783,../data/celeba/train/celebA_00/all/001040.jpg.jpg
784,../data/celeba/train/celebA_00/all/001041.jpg.jpg
785,../data/celeba/train/celebA_00/all/001044.jpg.jpg
786,../data/celeba/train/celebA_00/all/001045.jpg.jpg
787,../data/celeba/train/celebA_00/all/001047.jpg.jpg
788,../data/celeba/train/celebA_00/all/001048.jpg.jpg
789,../data/celeba/train/celebA_00/all/001050.jpg.jpg
790,../data/celeba/train/celebA_00/all/001051.jpg.jpg
791,../data/celeba/train/celebA_00/all/001055.jpg.jpg
792,../data/celeba/train/celebA_00/all/001056.jpg.jpg
793,../data/celeba/train/celebA_00/all/001057.jpg.jpg
794,../data/celeba/train/celebA_00/all/001058.jpg.jpg
795,../data/celeba/train/celebA_00/all/001059.jpg.jpg
796,../data/celeba/train/celebA_00/all/001060.jpg.jpg
797,../data/celeba/train/celebA_00/all/001061.jpg.jpg
798,../data/celeba/train/celebA_00/all/001062.jpg.jpg
799,../data/celeba/train/celebA_00/all/001063.jpg.jpg
800,../data/celeba/train/celebA_00/all/001065.jpg.jpg
801,../data/celeba/train/celebA_00/all/001066.jpg.jpg
802,../data/celeba/train/celebA_00/all/001067.jpg.jpg
803,../data/celeba/train/celebA_00/all/001068.jpg.jpg
804,../data/celeba/train/celebA_00/all/001069.jpg.jpg
805,../data/celeba/train/celebA_00/all/001070.jpg.jpg
806,../data/celeba/train/celebA_00/all/001071.jpg.jpg
807,../data/celeba/train/celebA_00/all/001072.jpg.jpg
808,../data/celeba/train/celebA_00/all/001073.jpg.jpg
809,../data/celeba/train/celebA_00/all/001074.jpg.jpg
810,../data/celeba/train/celebA_00/all/001075.jpg.jpg
811,../data/celeba/train/celebA_00/all/001076.jpg.jpg
812,../data/celeba/train/celebA_00/all/001080.jpg.jpg
813,../data/celeba/train/celebA_00/all/001081.jpg.jpg
814,../data/celeba/train/celebA_00/all/001083.jpg.jpg
815,../data/celeba/train/celebA_00/all/001084.jpg.jpg
816,../data/celeba/train/celebA_00/all/001085.jpg.jpg
817,../data/celeba/train/celebA_00/all/001086.jpg.jpg
818,../data/celeba/train/celebA_00/all/001087.jpg.jpg
819,../data/celeba/train/celebA_00/all/001088.jpg.jpg
820,../data/celeba/train/celebA_00/all/001089.jpg.jpg
821,../data/celeba/train/celebA_00/all/001090.jpg.jpg
822,../data/celeba/train/celebA_00/all/001092.jpg.jpg
823,../data/celeba/train/celebA_00/all/001094.jpg.jpg
824,../data/celeba/train/celebA_00/all/001095.jpg.jpg
825,../data/celeba/train/celebA_00/all/001096.jpg.jpg
826,../data/celeba/train/celebA_00/all/001097.jpg.jpg
827,../data/celeba/train/celebA_00/all/001100.jpg.jpg
828,../data/celeba/train/celebA_00/all/001101.jpg.jpg
829,../data/celeba/train/celebA_00/all/001102.jpg.jpg
830,../data/celeba/train/celebA_00/all/001103.jpg.jpg
831,../data/celeba/train/celebA_00/all/001105.jpg.jpg
832,../data/celeba/train/celebA_00/all/001106.jpg.jpg
833,../data/celeba/train/celebA_00/all/001107.jpg.jpg
834,../data/celeba/train/celebA_00/all/001108.jpg.jpg
835,../data/celeba/train/celebA_00/all/001109.jpg.jpg
836,../data/celeba/train/celebA_00/all/001111.jpg.jpg
837,../data/celeba/train/celebA_00/all/001112.jpg.jpg
838,../data/celeba/train/celebA_00/all/001114.jpg.jpg
839,../data/celeba/train/celebA_00/all/001115.jpg.jpg
840,../data/celeba/train/celebA_00/all/001116.jpg.jpg
841,../data/celeba/train/celebA_00/all/001117.jpg.jpg
842,../data/celeba/train/celebA_00/all/001119.jpg.jpg
843,../data/celeba/train/celebA_00/all/001121.jpg.jpg
844,../data/celeba/train/celebA_00/all/001122.jpg.jpg
845,../data/celeba/train/celebA_00/all/001123.jpg.jpg
846,../data/celeba/train/celebA_00/all/001124.jpg.jpg
847,../data/celeba/train/celebA_00/all/001125.jpg.jpg
848,../data/celeba/train/celebA_00/all/001126.jpg.jpg
849,../data/celeba/train/celebA_00/all/001127.jpg.jpg
850,../data/celeba/train/celebA_00/all/001128.jpg.jpg
851,../data/celeba/train/celebA_00/all/001130.jpg.jpg
852,../data/celeba/train/celebA_00/all/001131.jpg.jpg
853,../data/celeba/train/celebA_00/all/001133.jpg.jpg
854,../data/celeba/train/celebA_00/all/001134.jpg.jpg
855,../data/celeba/train/celebA_00/all/001136.jpg.jpg
856,../data/celeba/train/celebA_00/all/001137.jpg.jpg
857,../data/celeba/train/celebA_00/all/001139.jpg.jpg
858,../data/celeba/train/celebA_00/all/001140.jpg.jpg
859,../data/celeba/train/celebA_00/all/001141.jpg.jpg
860,../data/celeba/train/celebA_00/all/001143.jpg.jpg
861,../data/celeba/train/celebA_00/all/001144.jpg.jpg
862,../data/celeba/train/celebA_00/all/001145.jpg.jpg
863,../data/celeba/train/celebA_00/all/001147.jpg.jpg
864,../data/celeba/train/celebA_00/all/001148.jpg.jpg
865,../data/celeba/train/celebA_00/all/001149.jpg.jpg
866,../data/celeba/train/celebA_00/all/001150.jpg.jpg
867,../data/celeba/train/celebA_00/all/001151.jpg.jpg
868,../data/celeba/train/celebA_00/all/001152.jpg.jpg
869,../data/celeba/train/celebA_00/all/001153.jpg.jpg
870,../data/celeba/train/celebA_00/all/001155.jpg.jpg
871,../data/celeba/train/celebA_00/all/001156.jpg.jpg
872,../data/celeba/train/celebA_00/all/001157.jpg.jpg
873,../data/celeba/train/celebA_00/all/001158.jpg.jpg
874,../data/celeba/train/celebA_00/all/001159.jpg.jpg
875,../data/celeba/train/celebA_00/all/001160.jpg.jpg
876,../data/celeba/train/celebA_00/all/001161.jpg.jpg
877,../data/celeba/train/celebA_00/all/001162.jpg.jpg
878,../data/celeba/train/celebA_00/all/001166.jpg.jpg
879,../data/celeba/train/celebA_00/all/001167.jpg.jpg
880,../data/celeba/train/celebA_00/all/001168.jpg.jpg
881,../data/celeba/train/celebA_00/all/001169.jpg.jpg
882,../data/celeba/train/celebA_00/all/001170.jpg.jpg
883,../data/celeba/train/celebA_00/all/001171.jpg.jpg
884,../data/celeba/train/celebA_00/all/001173.jpg.jpg
885,../data/celeba/train/celebA_00/all/001174.jpg.jpg
886,../data/celeba/train/celebA_00/all/001175.jpg.jpg
887,../data/celeba/train/celebA_00/all/001176.jpg.jpg
888,../data/celeba/train/celebA_00/all/001177.jpg.jpg
889,../data/celeba/train/celebA_00/all/001178.jpg.jpg
890,../data/celeba/train/celebA_00/all/001179.jpg.jpg
891,../data/celeba/train/celebA_00/all/001182.jpg.jpg
892,../data/celeba/train/celebA_00/all/001183.jpg.jpg
893,../data/celeba/train/celebA_00/all/001185.jpg.jpg
894,../data/celeba/train/celebA_00/all/001186.jpg.jpg
895,../data/celeba/train/celebA_00/all/001187.jpg.jpg
896,../data/celeba/train/celebA_00/all/001188.jpg.jpg
897,../data/celeba/train/celebA_00/all/001189.jpg.jpg
898,../data/celeba/train/celebA_00/all/001190.jpg.jpg
899,../data/celeba/train/celebA_00/all/001192.jpg.jpg
900,../data/celeba/train/celebA_00/all/001193.jpg.jpg
901,../data/celeba/train/celebA_00/all/001194.jpg.jpg
902,../data/celeba/train/celebA_00/all/001196.jpg.jpg
903,../data/celeba/train/celebA_00/all/001198.jpg.jpg
904,../data/celeba/train/celebA_00/all/001200.jpg.jpg
905,../data/celeba/train/celebA_00/all/001202.jpg.jpg
906,../data/celeba/train/celebA_00/all/001203.jpg.jpg
907,../data/celeba/train/celebA_00/all/001204.jpg.jpg
908,../data/celeba/train/celebA_00/all/001205.jpg.jpg
909,../data/celeba/train/celebA_00/all/001206.jpg.jpg
910,../data/celeba/train/celebA_00/all/001207.jpg.jpg
911,../data/celeba/train/celebA_00/all/001208.jpg.jpg
912,../data/celeba/train/celebA_00/all/001209.jpg.jpg
913,../data/celeba/train/celebA_00/all/001210.jpg.jpg
914,../data/celeba/train/celebA_00/all/001211.jpg.jpg
915,../data/celeba/train/celebA_00/all/001212.jpg.jpg
916,../data/celeba/train/celebA_00/all/001215.jpg.jpg
917,../data/celeba/train/celebA_00/all/001217.jpg.jpg
918,../data/celeba/train/celebA_00/all/001219.jpg.jpg
919,../data/celeba/train/celebA_00/all/001220.jpg.jpg
920,../data/celeba/train/celebA_00/all/001222.jpg.jpg
921,../data/celeba/train/celebA_00/all/001223.jpg.jpg
922,../data/celeba/train/celebA_00/all/001224.jpg.jpg
923,../data/celeba/train/celebA_00/all/001225.jpg.jpg
924,../data/celeba/train/celebA_00/all/001226.jpg.jpg
925,../data/celeba/train/celebA_00/all/001227.jpg.jpg
926,../data/celeba/train/celebA_00/all/001228.jpg.jpg
927,../data/celeba/train/celebA_00/all/001229.jpg.jpg
928,../data/celeba/train/celebA_00/all/001230.jpg.jpg
929,../data/celeba/train/celebA_00/all/001232.jpg.jpg
930,../data/celeba/train/celebA_00/all/001233.jpg.jpg
931,../data/celeba/train/celebA_00/all/001234.jpg.jpg
932,../data/celeba/train/celebA_00/all/001235.jpg.jpg
933,../data/celeba/train/celebA_00/all/001236.jpg.jpg
934,../data/celeba/train/celebA_00/all/001237.jpg.jpg
935,../data/celeba/train/celebA_00/all/001240.jpg.jpg
936,../data/celeba/train/celebA_00/all/001241.jpg.jpg
937,../data/celeba/train/celebA_00/all/001242.jpg.jpg
938,../data/celeba/train/celebA_00/all/001243.jpg.jpg
939,../data/celeba/train/celebA_00/all/001244.jpg.jpg
940,../data/celeba/train/celebA_00/all/001245.jpg.jpg
941,../data/celeba/train/celebA_00/all/001246.jpg.jpg
942,../data/celeba/train/celebA_00/all/001247.jpg.jpg
943,../data/celeba/train/celebA_00/all/001249.jpg.jpg
944,../data/celeba/train/celebA_00/all/001250.jpg.jpg
945,../data/celeba/train/celebA_00/all/001251.jpg.jpg
946,../data/celeba/train/celebA_00/all/001252.jpg.jpg
947,../data/celeba/train/celebA_00/all/001253.jpg.jpg
948,../data/celeba/train/celebA_00/all/001256.jpg.jpg
949,../data/celeba/train/celebA_00/all/001257.jpg.jpg
950,../data/celeba/train/celebA_00/all/001258.jpg.jpg
951,../data/celeba/train/celebA_00/all/001260.jpg.jpg
952,../data/celeba/train/celebA_00/all/006427.jpg.jpg
953,../data/celeba/train/celebA_00/all/006430.jpg.jpg
954,../data/celeba/train/celebA_00/all/006431.jpg.jpg
955,../data/celeba/train/celebA_00/all/006433.jpg.jpg
956,../data/celeba/train/celebA_00/all/006434.jpg.jpg
957,../data/celeba/train/celebA_00/all/006435.jpg.jpg
958,../data/celeba/train/celebA_00/all/006436.jpg.jpg
959,../data/celeba/train/celebA_00/all/006437.jpg.jpg
960,../data/celeba/train/celebA_00/all/006438.jpg.jpg
961,../data/celeba/train/celebA_00/all/006439.jpg.jpg
962,../data/celeba/train/celebA_00/all/006441.jpg.jpg
963,../data/celeba/train/celebA_00/all/006442.jpg.jpg
964,../data/celeba/train/celebA_00/all/006443.jpg.jpg
965,../data/celeba/train/celebA_00/all/006444.jpg.jpg
966,../data/celeba/train/celebA_00/all/006445.jpg.jpg
967,../data/celeba/train/celebA_00/all/006446.jpg.jpg
968,../data/celeba/train/celebA_00/all/006447.jpg.jpg
969,../data/celeba/train/celebA_00/all/006448.jpg.jpg
970,../data/celeba/train/celebA_00/all/006449.jpg.jpg
971,../data/celeba/train/celebA_00/all/006450.jpg.jpg
972,../data/celeba/train/celebA_00/all/006451.jpg.jpg
973,../data/celeba/train/celebA_00/all/006452.jpg.jpg
974,../data/celeba/train/celebA_00/all/006454.jpg.jpg
975,../data/celeba/train/celebA_00/all/006455.jpg.jpg
976,../data/celeba/train/celebA_00/all/006456.jpg.jpg
977,../data/celeba/train/celebA_00/all/006457.jpg.jpg
978,../data/celeba/train/celebA_00/all/006458.jpg.jpg
979,../data/celeba/train/celebA_00/all/006462.jpg.jpg
980,../data/celeba/train/celebA_00/all/006464.jpg.jpg
981,../data/celeba/train/celebA_00/all/006467.jpg.jpg
982,../data/celeba/train/celebA_00/all/006468.jpg.jpg
983,../data/celeba/train/celebA_00/all/006470.jpg.jpg
984,../data/celeba/train/celebA_00/all/006471.jpg.jpg
985,../data/celeba/train/celebA_00/all/006472.jpg.jpg
986,../data/celeba/train/celebA_00/all/006473.jpg.jpg
987,../data/celeba/train/celebA_00/all/006474.jpg.jpg
988,../data/celeba/train/celebA_00/all/006476.jpg.jpg
989,../data/celeba/train/celebA_00/all/006477.jpg.jpg
990,../data/celeba/train/celebA_00/all/006478.jpg.jpg
991,../data/celeba/train/celebA_00/all/006479.jpg.jpg
992,../data/celeba/train/celebA_00/all/006480.jpg.jpg
993,../data/celeba/train/celebA_00/all/006481.jpg.jpg
994,../data/celeba/train/celebA_00/all/006482.jpg.jpg
995,../data/celeba/train/celebA_00/all/006483.jpg.jpg
996,../data/celeba/train/celebA_00/all/006484.jpg.jpg
997,../data/celeba/train/celebA_00/all/006485.jpg.jpg
998,../data/celeba/train/celebA_00/all/006486.jpg.jpg
999,../data/celeba/train/celebA_00/all/006487.jpg.jpg
1000,../data/celeba/train/celebA_00/all/006488.jpg.jpg
1001,../data/celeba/train/celebA_00/all/006489.jpg.jpg
1002,../data/celeba/train/celebA_00/all/006490.jpg.jpg
1003,../data/celeba/train/celebA_00/all/006491.jpg.jpg
1004,../data/celeba/train/celebA_00/all/006492.jpg.jpg
1005,../data/celeba/train/celebA_00/all/006493.jpg.jpg
1006,../data/celeba/train/celebA_00/all/006494.jpg.jpg
1007,../data/celeba/train/celebA_00/all/006495.jpg.jpg
1008,../data/celeba/train/celebA_00/all/006496.jpg.jpg
1009,../data/celeba/train/celebA_00/all/006497.jpg.jpg
1010,../data/celeba/train/celebA_00/all/006498.jpg.jpg
1011,../data/celeba/train/celebA_00/all/006499.jpg.jpg
1012,../data/celeba/train/celebA_00/all/006500.jpg.jpg
1013,../data/celeba/train/celebA_00/all/006501.jpg.jpg
1014,../data/celeba/train/celebA_00/all/006502.jpg.jpg
1015,../data/celeba/train/celebA_00/all/006503.jpg.jpg
1016,../data/celeba/train/celebA_00/all/006504.jpg.jpg
1017,../data/celeba/train/celebA_00/all/006505.jpg.jpg
1018,../data/celeba/train/celebA_00/all/006507.jpg.jpg
1019,../data/celeba/train/celebA_00/all/009752.jpg.jpg
1020,../data/celeba/train/celebA_00/all/009753.jpg.jpg
1021,../data/celeba/train/celebA_00/all/009755.jpg.jpg
1022,../data/celeba/train/celebA_00/all/009756.jpg.jpg
1023,../data/celeba/train/celebA_00/all/009758.jpg.jpg
1024,../data/celeba/train/celebA_00/all/009759.jpg.jpg
1025,../data/celeba/train/celebA_00/all/009760.jpg.jpg
1026,../data/celeba/train/celebA_00/all/009761.jpg.jpg
1027,../data/celeba/train/celebA_00/all/009762.jpg.jpg
1028,../data/celeba/train/celebA_00/all/009764.jpg.jpg
1029,../data/celeba/train/celebA_00/all/009765.jpg.jpg
1030,../data/celeba/train/celebA_00/all/009767.jpg.jpg
1031,../data/celeba/train/celebA_00/all/009769.jpg.jpg
1032,../data/celeba/train/celebA_00/all/009770.jpg.jpg
1033,../data/celeba/train/celebA_00/all/009771.jpg.jpg
1034,../data/celeba/train/celebA_00/all/009773.jpg.jpg
1035,../data/celeba/train/celebA_00/all/009774.jpg.jpg
1036,../data/celeba/train/celebA_00/all/009775.jpg.jpg
1037,../data/celeba/train/celebA_00/all/009776.jpg.jpg
1038,../data/celeba/train/celebA_00/all/009778.jpg.jpg
1039,../data/celeba/train/celebA_00/all/009779.jpg.jpg
1040,../data/celeba/train/celebA_00/all/009780.jpg.jpg
1041,../data/celeba/train/celebA_00/all/009781.jpg.jpg
1042,../data/celeba/train/celebA_00/all/009782.jpg.jpg
1043,../data/celeba/train/celebA_00/all/009783.jpg.jpg
1044,../data/celeba/train/celebA_00/all/009784.jpg.jpg
1045,../data/celeba/train/celebA_00/all/009785.jpg.jpg
1046,../data/celeba/train/celebA_00/all/009786.jpg.jpg
1047,../data/celeba/train/celebA_00/all/009787.jpg.jpg
1048,../data/celeba/train/celebA_00/all/009788.jpg.jpg
1049,../data/celeba/train/celebA_00/all/009790.jpg.jpg
1050,../data/celeba/train/celebA_00/all/009791.jpg.jpg
1051,../data/celeba/train/celebA_00/all/009793.jpg.jpg
1052,../data/celeba/train/celebA_00/all/009794.jpg.jpg
1053,../data/celeba/train/celebA_00/all/009795.jpg.jpg
1054,../data/celeba/train/celebA_00/all/009796.jpg.jpg
1055,../data/celeba/train/celebA_00/all/009797.jpg.jpg
1056,../data/celeba/train/celebA_00/all/009798.jpg.jpg
1057,../data/celeba/train/celebA_00/all/009799.jpg.jpg
1058,../data/celeba/train/celebA_00/all/009800.jpg.jpg
1059,../data/celeba/train/celebA_00/all/009801.jpg.jpg
1060,../data/celeba/train/celebA_00/all/009802.jpg.jpg
1061,../data/celeba/train/celebA_00/all/009803.jpg.jpg
1062,../data/celeba/train/celebA_00/all/009805.jpg.jpg
1063,../data/celeba/train/celebA_00/all/009806.jpg.jpg
1064,../data/celeba/train/celebA_00/all/009807.jpg.jpg
1065,../data/celeba/train/celebA_00/all/009809.jpg.jpg
1066,../data/celeba/train/celebA_00/all/009810.jpg.jpg
1067,../data/celeba/train/celebA_00/all/009811.jpg.jpg
1068,../data/celeba/train/celebA_00/all/009813.jpg.jpg
1069,../data/celeba/train/celebA_00/all/009814.jpg.jpg
1070,../data/celeba/train/celebA_00/all/009816.jpg.jpg
1071,../data/celeba/train/celebA_00/all/009817.jpg.jpg
1072,../data/celeba/train/celebA_00/all/009818.jpg.jpg
1073,../data/celeba/train/celebA_00/all/009819.jpg.jpg
1074,../data/celeba/train/celebA_00/all/009821.jpg.jpg
1075,../data/celeba/train/celebA_00/all/009822.jpg.jpg
1076,../data/celeba/train/celebA_00/all/009823.jpg.jpg
1077,../data/celeba/train/celebA_00/all/009824.jpg.jpg
1078,../data/celeba/train/celebA_00/all/009825.jpg.jpg
1079,../data/celeba/train/celebA_00/all/009826.jpg.jpg
1080,../data/celeba/train/celebA_00/all/009827.jpg.jpg
1081,../data/celeba/train/celebA_00/all/009828.jpg.jpg
1082,../data/celeba/train/celebA_00/all/009829.jpg.jpg
1083,../data/celeba/train/celebA_00/all/009832.jpg.jpg
1084,../data/celeba/train/celebA_00/all/009833.jpg.jpg
1085,../data/celeba/train/celebA_00/all/009834.jpg.jpg
1086,../data/celeba/train/celebA_00/all/009835.jpg.jpg
1087,../data/celeba/train/celebA_00/all/009836.jpg.jpg
1088,../data/celeba/train/celebA_00/all/009837.jpg.jpg
1089,../data/celeba/train/celebA_00/all/009838.jpg.jpg
1090,../data/celeba/train/celebA_00/all/009840.jpg.jpg
1091,../data/celeba/train/celebA_00/all/009841.jpg.jpg
1092,../data/celeba/train/celebA_00/all/009842.jpg.jpg
1093,../data/celeba/train/celebA_00/all/009844.jpg.jpg
1094,../data/celeba/train/celebA_00/all/009845.jpg.jpg
1095,../data/celeba/train/celebA_00/all/009846.jpg.jpg
1096,../data/celeba/train/celebA_00/all/009847.jpg.jpg
1097,../data/celeba/train/celebA_00/all/009848.jpg.jpg
1098,../data/celeba/train/celebA_00/all/009849.jpg.jpg
1099,../data/celeba/train/celebA_00/all/009850.jpg.jpg
1100,../data/celeba/train/celebA_00/all/009851.jpg.jpg
1101,../data/celeba/train/celebA_00/all/009853.jpg.jpg
1102,../data/celeba/train/celebA_00/all/009854.jpg.jpg
1103,../data/celeba/train/celebA_00/all/009855.jpg.jpg
1104,../data/celeba/train/celebA_00/all/009856.jpg.jpg
1105,../data/celeba/train/celebA_00/all/009857.jpg.jpg
1106,../data/celeba/train/celebA_00/all/009858.jpg.jpg
1107,../data/celeba/train/celebA_00/all/009859.jpg.jpg
1108,../data/celeba/train/celebA_00/all/009860.jpg.jpg
1109,../data/celeba/train/celebA_00/all/009861.jpg.jpg
1110,../data/celeba/train/celebA_00/all/009863.jpg.jpg
1111,../data/celeba/train/celebA_00/all/009864.jpg.jpg
1112,../data/celeba/train/celebA_00/all/009865.jpg.jpg
1113,../data/celeba/train/celebA_00/all/009866.jpg.jpg
1114,../data/celeba/train/celebA_00/all/009867.jpg.jpg
1115,../data/celeba/train/celebA_00/all/009868.jpg.jpg
1116,../data/celeba/train/celebA_00/all/009869.jpg.jpg
1117,../data/celeba/train/celebA_00/all/009871.jpg.jpg
1118,../data/celeba/train/celebA_00/all/009873.jpg.jpg
1119,../data/celeba/train/celebA_00/all/009876.jpg.jpg
1120,../data/celeba/train/celebA_00/all/009879.jpg.jpg
1121,../data/celeba/train/celebA_00/all/009880.jpg.jpg
1122,../data/celeba/train/celebA_00/all/009881.jpg.jpg
1123,../data/celeba/train/celebA_00/all/009883.jpg.jpg
1124,../data/celeba/train/celebA_00/all/009884.jpg.jpg
1125,../data/celeba/train/celebA_00/all/009885.jpg.jpg
1126,../data/celeba/train/celebA_00/all/009887.jpg.jpg
1127,../data/celeba/train/celebA_00/all/009888.jpg.jpg
1128,../data/celeba/train/celebA_00/all/009889.jpg.jpg
1129,../data/celeba/train/celebA_00/all/009890.jpg.jpg
1130,../data/celeba/train/celebA_00/all/009891.jpg.jpg
1131,../data/celeba/train/celebA_00/all/009892.jpg.jpg
1132,../data/celeba/train/celebA_00/all/009893.jpg.jpg
1133,../data/celeba/train/celebA_00/all/009894.jpg.jpg
1134,../data/celeba/train/celebA_00/all/009895.jpg.jpg
1135,../data/celeba/train/celebA_00/all/009896.jpg.jpg
1136,../data/celeba/train/celebA_00/all/009897.jpg.jpg
1137,../data/celeba/train/celebA_00/all/009898.jpg.jpg
1138,../data/celeba/train/celebA_00/all/009899.jpg.jpg
1139,../data/celeba/train/celebA_00/all/009900.jpg.jpg
1140,../data/celeba/train/celebA_00/all/009901.jpg.jpg
1141,../data/celeba/train/celebA_00/all/009902.jpg.jpg
1142,../data/celeba/train/celebA_00/all/009903.jpg.jpg
1143,../data/celeba/train/celebA_00/all/009904.jpg.jpg
1144,../data/celeba/train/celebA_00/all/009905.jpg.jpg
1145,../data/celeba/train/celebA_00/all/009907.jpg.jpg
1146,../data/celeba/train/celebA_00/all/009908.jpg.jpg
1147,../data/celeba/train/celebA_00/all/009909.jpg.jpg
1148,../data/celeba/train/celebA_00/all/009910.jpg.jpg
1149,../data/celeba/train/celebA_00/all/009911.jpg.jpg
1150,../data/celeba/train/celebA_00/all/009912.jpg.jpg
1151,../data/celeba/train/celebA_00/all/009913.jpg.jpg
1152,../data/celeba/train/celebA_00/all/009914.jpg.jpg
1153,../data/celeba/train/celebA_00/all/009915.jpg.jpg
1154,../data/celeba/train/celebA_00/all/009916.jpg.jpg
1155,../data/celeba/train/celebA_00/all/009918.jpg.jpg
1156,../data/celeba/train/celebA_00/all/009919.jpg.jpg
1157,../data/celeba/train/celebA_00/all/009921.jpg.jpg
1158,../data/celeba/train/celebA_00/all/009922.jpg.jpg
1159,../data/celeba/train/celebA_00/all/009923.jpg.jpg
1160,../data/celeba/train/celebA_00/all/009924.jpg.jpg
1161,../data/celeba/train/celebA_00/all/009927.jpg.jpg
1162,../data/celeba/train/celebA_00/all/009928.jpg.jpg
1163,../data/celeba/train/celebA_00/all/009930.jpg.jpg
1164,../data/celeba/train/celebA_00/all/009932.jpg.jpg
1165,../data/celeba/train/celebA_00/all/009935.jpg.jpg
1166,../data/celeba/train/celebA_00/all/009936.jpg.jpg
1167,../data/celeba/train/celebA_00/all/009937.jpg.jpg
1168,../data/celeba/train/celebA_00/all/009939.jpg.jpg
1169,../data/celeba/train/celebA_00/all/009940.jpg.jpg
1170,../data/celeba/train/celebA_00/all/009943.jpg.jpg
1171,../data/celeba/train/celebA_00/all/009944.jpg.jpg
1172,../data/celeba/train/celebA_00/all/009945.jpg.jpg
1173,../data/celeba/train/celebA_00/all/009948.jpg.jpg
1174,../data/celeba/train/celebA_00/all/009949.jpg.jpg
1175,../data/celeba/train/celebA_00/all/009950.jpg.jpg
1176,../data/celeba/train/celebA_00/all/009951.jpg.jpg
1177,../data/celeba/train/celebA_00/all/009952.jpg.jpg
1178,../data/celeba/train/celebA_00/all/009953.jpg.jpg
1179,../data/celeba/train/celebA_00/all/009954.jpg.jpg
1180,../data/celeba/train/celebA_00/all/009955.jpg.jpg
1181,../data/celeba/train/celebA_00/all/009956.jpg.jpg
1182,../data/celeba/train/celebA_00/all/009957.jpg.jpg
1183,../data/celeba/train/celebA_00/all/009958.jpg.jpg
1184,../data/celeba/train/celebA_00/all/009959.jpg.jpg
1185,../data/celeba/train/celebA_00/all/009960.jpg.jpg
1186,../data/celeba/train/celebA_00/all/009961.jpg.jpg
1187,../data/celeba/train/celebA_00/all/009962.jpg.jpg
1188,../data/celeba/train/celebA_00/all/009963.jpg.jpg
1189,../data/celeba/train/celebA_00/all/009964.jpg.jpg
1190,../data/celeba/train/celebA_00/all/009965.jpg.jpg
1191,../data/celeba/train/celebA_00/all/009967.jpg.jpg
1192,../data/celeba/train/celebA_00/all/009968.jpg.jpg
1193,../data/celeba/train/celebA_00/all/009969.jpg.jpg
1194,../data/celeba/train/celebA_00/all/009970.jpg.jpg
1195,../data/celeba/train/celebA_00/all/009973.jpg.jpg
1196,../data/celeba/train/celebA_00/all/009976.jpg.jpg
1197,../data/celeba/train/celebA_00/all/009977.jpg.jpg
1198,../data/celeba/train/celebA_00/all/009981.jpg.jpg
1199,../data/celeba/train/celebA_00/all/009982.jpg.jpg
1200,../data/celeba/train/celebA_00/all/009983.jpg.jpg
1201,../data/celeba/train/celebA_00/all/009985.jpg.jpg
1202,../data/celeba/train/celebA_00/all/009986.jpg.jpg
1203,../data/celeba/train/celebA_00/all/009987.jpg.jpg
1204,../data/celeba/train/celebA_00/all/009988.jpg.jpg
1205,../data/celeba/train/celebA_00/all/009989.jpg.jpg
1206,../data/celeba/train/celebA_00/all/009990.jpg.jpg
1207,../data/celeba/train/celebA_00/all/009991.jpg.jpg
1208,../data/celeba/train/celebA_00/all/009992.jpg.jpg
1209,../data/celeba/train/celebA_00/all/009993.jpg.jpg
1210,../data/celeba/train/celebA_00/all/009995.jpg.jpg
1211,../data/celeba/train/celebA_00/all/009996.jpg.jpg
1212,../data/celeba/train/celebA_00/all/009997.jpg.jpg
1213,../data/celeba/train/celebA_00/all/009998.jpg.jpg
